nb_run,lifetime,dead_node,elapsed_time
0,12618,0,702.0797622203827
12618.0,nan,0,[702.0797622203827]
