nb_run,lifetime,dead_node,elapsed_time
0,4854,1,201.00924372673035
4854.0,nan,0,[201.00924372673035]
