nb_run,lifetime,dead_node,elapsed_time
0,0,0,0.11157679557800293
0.0,nan,0,[0.11157679557800293]
