nb_run,lifetime,dead_node,elapsed_time
0,0,0,0.15407609939575195
0.0,nan,0,[0.15407609939575195]
