nb_run,lifetime,dead_node,elapsed_time
0,9789,1,203.84357166290283
9789.0,nan,0,[203.84357166290283]
