nb_run,lifetime,dead_node,elapsed_time
0,0,0,0.26934337615966797
0.0,nan,0,[0.26934337615966797]
