{"targets": [[942.0350563230944, 188.72504825539994], [666.577265644288, 748.3112060666251], [35.570229866737634, 860.1739375890737], [822.3020613994776, 234.8033562186729], [520.0968214817128, 960.8489660158546], [166.54028646724018, 539.1562336414845], [971.3468103089523, 904.2259658230352], [504.59330591937726, 428.1825165444971], [183.92411677226127, 313.1122972049133], [383.5279727890365, 758.9126525134029], [326.45653871132873, 999.7552885109654], [184.7139622877716, 517.6262935990314], [569.1443207369301, 423.7158132763016], [714.3591517791065, 739.6162928693051], [428.7943640275027, 840.4393144519671], [714.8693312784105, 725.277711505042], [128.7628163563622, 417.768610959758], [339.6490274310723, 204.73954512570825], [876.6005271503257, 369.19164629222024], [395.41865213751305, 66.09693008123119], [597.2704515818658, 386.91730256872813], [624.6575958840839, 59.48589749468902], [753.5098686931934, 104.04128974135452], [913.6221135725095, 300.4175899972126], [214.327084158039, 830.370651713961], [516.3520463313562, 969.8236739324195], [161.2879246085821, 597.663038004931], [183.18457573634672, 695.843501293145], [669.1985650837139, 2.530124522400201], [801.1958990303139, 710.974263257661], [665.9964179088088, 41.68305908351266], [785.2426928906415, 528.9415852488104], [501.8013688349946, 62.84964113765101], [390.4507829519135, 501.83459309445624], [53.55881673493745, 476.19580313799503], [701.4895219505166, 487.8063772104898], [44.245453189309615, 832.0719878533131], [706.3573880912854, 701.8048523198463], [870.0200509489932, 524.1889374504625], [167.80863744368935, 854.3576006116056], [342.5317414420631, 239.23945760243126], [395.5487745610408, 409.5477681241684], [898.6455481114316, 127.49200856862464], [847.4060892879245, 881.7981296845425], [800.7202197033641, 529.1339964273496], [516.2716072222039, 940.2634797927246], [48.763289526865265, 695.6611309318436], [767.8381219503464, 926.2476495195862], [595.335541995227, 411.59029118583123], [432.3910592047908, 693.9848864584885]], "base": [500.0, 500.0], "sensors": [[917.057116168392, 160.43498205136456], [913.9192168895175, 162.65848601629187], [889.3133832659722, 331.68354544938666], [892.2242768302306, 333.2505011222164], [18.559089926485743, 839.5324880550966], [75.26483054756369, 857.0378557674902], [185.66741097758754, 316.04642003970275], [195.05405500838498, 850.094645105683], [184.02271598395532, 828.7013133073962], [428.9770383783307, 841.5047619839834], [399.109914537028, 839.1065094045107], [834.792509827712, 518.5666495152906], [535.1134586407152, 954.9603570837431], [506.8400950956448, 955.6631950556088], [790.3688147755511, 747.5754649965072], [785.0825744555185, 692.4436584645747], [671.8290551572065, 486.38251884087003], [702.7852476219606, 490.42689882501077], [792.5112860252461, 566.8582181277158], [471.6980876364189, 74.8917613308676], [477.35723405697865, 88.0312921644711], [399.01173792535445, 413.07403886561053], [779.291066065238, 918.7422947884576], [761.1134686900906, 964.5556362278335], [649.3533499861069, 32.90463796243051], [652.1523740465611, 35.093551183332224], [691.2326875708783, 727.2333010053592], [695.8143530552069, 730.2434688611214], [335.9268756356156, 1000.5011277313947], [98.14795484500851, 422.54366326645084], [129.20163713514754, 419.3915072380809], [397.1243918224043, 69.00813118052417], [397.34074022153777, 69.13282232253022], [758.3236719843833, 86.37954789597455], [64.70759423841889, 467.21176224885534], [854.1412637951404, 884.7639956306972], [851.8962295938535, 885.359567409665], [441.46804290293164, 680.5442328453212], [432.3928575124813, 694.0918709781333], [42.8852406197506, 674.7279994602422], [18.115276523358755, 701.562146416453], [537.0436721189858, 428.47615444166127], [821.8592625505247, 214.66824560445463], [792.8458828916586, 249.59924014723393], [393.7739244361462, 758.5034469226199], [384.09606261973465, 739.1033156903642], [979.9187337215603, 890.0932658386994], [982.2794630385339, 894.5123247388592], [582.2280662441353, 409.2948867296787], [582.5822665363373, 399.559169645842], [203.5388406242578, 551.951871855251], [188.27363812367255, 678.3743058117223], [177.27160266555802, 734.4248717518992], [386.0006075693153, 480.96626065593557], [394.17588078136225, 483.48384080251674], [190.88810808381632, 570.8311870203531], [176.7645719663308, 569.5632674472375], [361.64754843984696, 220.2718035369094], [370.2907551170104, 219.5496019079934]],